{"AnalysisWellGroupsCollection":[{"Id":0,"GroupName":"A375-10000","Color":"#FFC085A2","SelectedWells":[{"Row":0,"Column":0},{"Row":0,"Column":1},{"Row":0,"Column":2}],"IsVisible":true},{"Id":1,"GroupName":"A375-5000","Color":"#FFA2B9C4","SelectedWells":[{"Row":1,"Column":0},{"Row":1,"Column":1},{"Row":1,"Column":2}],"IsVisible":true},{"Id":2,"GroupName":"A375 2500","Color":"#FF9A408A","SelectedWells":[{"Row":2,"Column":0},{"Row":2,"Column":1},{"Row":2,"Column":2}],"IsVisible":true},{"Id":3,"GroupName":"A375 1250","Color":"#FF2EA73B","SelectedWells":[{"Row":3,"Column":0},{"Row":3,"Column":1},{"Row":3,"Column":2}],"IsVisible":true},{"Id":4,"GroupName":"A375 417","Color":"#FF6DF6F3","SelectedWells":[{"Row":4,"Column":0},{"Row":4,"Column":1},{"Row":4,"Column":2}],"IsVisible":true},{"Id":5,"GroupName":"A375 139","Color":"#FFE0AFDC","SelectedWells":[{"Row":5,"Column":0},{"Row":5,"Column":1},{"Row":5,"Column":2}],"IsVisible":true},{"Id":6,"GroupName":"KO 10000","Color":"#FF380D7A","SelectedWells":[{"Row":0,"Column":3},{"Row":0,"Column":4},{"Row":0,"Column":5}],"IsVisible":false},{"Id":7,"GroupName":"Group 7","Color":"#FF2C648F","SelectedWells":[{"Row":7,"Column":9}],"IsVisible":false},{"Id":8,"GroupName":"Group 8","Color":"#FF7F1A60","SelectedWells":[{"Row":7,"Column":10}],"IsVisible":false},{"Id":9,"GroupName":"Group 9","Color":"#FF91479E","SelectedWells":[{"Row":7,"Column":11}],"IsVisible":false},{"Id":10,"GroupName":"KO 5000","Color":"#FF9EA13B","SelectedWells":[{"Row":1,"Column":3},{"Row":1,"Column":4},{"Row":1,"Column":5}],"IsVisible":false},{"Id":11,"GroupName":"KO 2500","Color":"#FF620DBA","SelectedWells":[{"Row":2,"Column":3},{"Row":2,"Column":4},{"Row":2,"Column":5}],"IsVisible":false},{"Id":12,"GroupName":"KO 1250","Color":"#FF04E53A","SelectedWells":[{"Row":3,"Column":3},{"Row":3,"Column":4},{"Row":3,"Column":5}],"IsVisible":false},{"Id":13,"GroupName":"KO 417","Color":"#FF5B3B0C","SelectedWells":[{"Row":4,"Column":3},{"Row":4,"Column":4},{"Row":4,"Column":5}],"IsVisible":false},{"Id":14,"GroupName":"KO 139","Color":"#FF57F515","SelectedWells":[{"Row":5,"Column":3},{"Row":5,"Column":4},{"Row":5,"Column":5}],"IsVisible":false},{"Id":15,"GroupName":"HCT 10000","Color":"#FFF86CC4","SelectedWells":[{"Row":0,"Column":6},{"Row":0,"Column":7},{"Row":0,"Column":8}],"IsVisible":false},{"Id":16,"GroupName":"HCT 5000","Color":"#FFEA5D0D","SelectedWells":[{"Row":1,"Column":6},{"Row":1,"Column":7},{"Row":1,"Column":8}],"IsVisible":false},{"Id":17,"GroupName":"HCT 2500","Color":"#FF82441A","SelectedWells":[{"Row":2,"Column":6},{"Row":2,"Column":7},{"Row":2,"Column":8}],"IsVisible":false},{"Id":18,"GroupName":"HCT 1250","Color":"#FFA668F4","SelectedWells":[{"Row":3,"Column":6},{"Row":3,"Column":7},{"Row":3,"Column":8}],"IsVisible":false},{"Id":19,"GroupName":"HCT 417","Color":"#FFDD9E4F","SelectedWells":[{"Row":4,"Column":6},{"Row":4,"Column":7},{"Row":4,"Column":8}],"IsVisible":false},{"Id":20,"GroupName":"HCT 139","Color":"#FFD9792E","SelectedWells":[{"Row":5,"Column":6},{"Row":5,"Column":7},{"Row":5,"Column":8}],"IsVisible":false},{"Id":21,"GroupName":"NCI 10000","Color":"#FFD821E4","SelectedWells":[{"Row":0,"Column":9},{"Row":0,"Column":10},{"Row":0,"Column":11}],"IsVisible":false},{"Id":22,"GroupName":"NCI 5000","Color":"#FF663FAC","SelectedWells":[{"Row":1,"Column":9},{"Row":1,"Column":10},{"Row":1,"Column":11}],"IsVisible":false},{"Id":23,"GroupName":"NCI 2500","Color":"#FF09965A","SelectedWells":[{"Row":2,"Column":9},{"Row":2,"Column":10},{"Row":2,"Column":11}],"IsVisible":false},{"Id":24,"GroupName":"NCI 1250","Color":"#FF50D26B","SelectedWells":[{"Row":3,"Column":9},{"Row":3,"Column":10},{"Row":3,"Column":11}],"IsVisible":false},{"Id":25,"GroupName":"NCI 417","Color":"#FF2F1501","SelectedWells":[{"Row":4,"Column":9},{"Row":4,"Column":10},{"Row":4,"Column":11}],"IsVisible":false},{"Id":26,"GroupName":"NCI 139","Color":"#FFDEE842","SelectedWells":[{"Row":5,"Column":9},{"Row":5,"Column":10},{"Row":5,"Column":11}],"IsVisible":false},{"Id":27,"GroupName":"MRC 10000","Color":"#FF174DB0","SelectedWells":[{"Row":6,"Column":0},{"Row":7,"Column":0},{"Row":6,"Column":6}],"IsVisible":true},{"Id":28,"GroupName":"MRC 5000","Color":"#FF6D1B5D","SelectedWells":[{"Row":6,"Column":1},{"Row":7,"Column":1},{"Row":6,"Column":7}],"IsVisible":true},{"Id":29,"GroupName":"MRC 2500","Color":"#FF21BBA4","SelectedWells":[{"Row":6,"Column":2},{"Row":7,"Column":2},{"Row":6,"Column":8}],"IsVisible":true},{"Id":30,"GroupName":"Group 28","Color":"#FF29A668","SelectedWells":[{"Row":7,"Column":6}],"IsVisible":false},{"Id":31,"GroupName":"MRC 1250","Color":"#FFC62747","SelectedWells":[{"Row":6,"Column":3},{"Row":7,"Column":3},{"Row":6,"Column":9}],"IsVisible":true},{"Id":32,"GroupName":"Group 31","Color":"#FF7B5C3A","SelectedWells":[{"Row":7,"Column":7}],"IsVisible":false},{"Id":33,"GroupName":"MRC 416","Color":"#FFEA82C2","SelectedWells":[{"Row":6,"Column":4},{"Row":7,"Column":4},{"Row":6,"Column":10}],"IsVisible":true},{"Id":34,"GroupName":"Group 34","Color":"#FF8D8A77","SelectedWells":[{"Row":7,"Column":8}],"IsVisible":false},{"Id":35,"GroupName":"MRC 139","Color":"#FFDD7ED3","SelectedWells":[{"Row":6,"Column":5},{"Row":7,"Column":5},{"Row":6,"Column":11}],"IsVisible":true}],"StudyName":"P060_DB_01_002_+Caspase","VesselType":20080120096,"LastEdited":"2025-12-01T11:33:55.2422139+01:00"}