Scan,Time,Average mean intensity,Average mean intensity,Average mean intensity,Average mean intensity,Average mean intensity,Average mean intensity,Average mean intensity,Average mean intensity,Average mean intensity,Average mean intensity,Average mean intensity,Average mean intensity,Average mean intensity,Average mean intensity,Average mean intensity,Average mean intensity,Average mean intensity,Average mean intensity,Average mean intensity,Average mean intensity,Average mean intensity,Average mean intensity,Average mean intensity,Average mean intensity,Average mean intensity,Average mean intensity,Average mean intensity,Average mean intensity,Average mean intensity,Average mean intensity,Average mean intensity,Average mean intensity,Average mean intensity,Average mean intensity,Average mean intensity,Average mean intensity,Average mean intensity,Average mean intensity,Average mean intensity,Average mean intensity,Average mean intensity,Average mean intensity,Average mean intensity,Average mean intensity,Average mean intensity,Average mean intensity,Average mean intensity,Average mean intensity,Average mean intensity,Average mean intensity,Average mean intensity,Average mean intensity,Average mean intensity,Average mean intensity,Average mean intensity,Average mean intensity,Average mean intensity,Average mean intensity,Average mean intensity,Average mean intensity,Average mean intensity,Average mean intensity,Average mean intensity,Average mean intensity,Average mean intensity,Average mean intensity,Average mean intensity,Average mean intensity,Average mean intensity,Average mean intensity,Average mean intensity,Average mean intensity,Average mean intensity,Average mean intensity,Average mean intensity,Average mean intensity,Average mean intensity,Average mean intensity,Average mean intensity,Average mean intensity,Average mean intensity,Average mean intensity,Average mean intensity,Average mean intensity,Average mean intensity,Average mean intensity,Average mean intensity,Average mean intensity,Average mean intensity,Average mean intensity,Stdev,Stdev,Stdev,Stdev,Stdev,Stdev,Stdev,Stdev,Stdev,Stdev,Stdev,Stdev,Stdev,Stdev,Stdev,Stdev,Stdev,Stdev,Stdev,Stdev,Stdev,Stdev,Stdev,Stdev,Stdev,Stdev,Stdev,Stdev,Stdev,Stdev,Stdev,Stdev,Stdev,Stdev,Stdev,Stdev,Stdev,Stdev,Stdev,Stdev,Stdev,Stdev,Stdev,Stdev,Stdev,Stdev,Stdev,Stdev,Stdev,Stdev,Stdev,Stdev,Stdev,Stdev,Stdev,Stdev,Stdev,Stdev,Stdev,Stdev,Stdev,Stdev,Stdev,Stdev,Stdev,Stdev,Stdev,Stdev,Stdev,Stdev,Stdev,Stdev,Stdev,Stdev,Stdev,Stdev,Stdev,Stdev,Stdev,Stdev,Stdev,Stdev,Stdev,Stdev,Stdev,Stdev,Stdev,Stdev,Stdev,Stdev
,,Well A1,Well A2,Well A3,Well A4,Well A5,Well A6,Well A7,Well A8,Well A9,Well A10,Well A11,Well A12,Well B1,Well B2,Well B3,Well B4,Well B5,Well B6,Well B7,Well B8,Well B9,Well B10,Well B11,Well B12,Well C1,Well C2,Well C3,Well C4,Well C5,Well C6,Well C7,Well C8,Well C9,Well C10,Well C11,Well C12,Well D1,Well D2,Well D3,Well D4,Well D5,Well D6,Well D7,Well D8,Well D9,Well D10,Well D11,Well D12,Well E1,Well E2,Well E3,Well E4,Well E5,Well E6,Well E7,Well E8,Well E9,Well E10,Well E11,Well E12,Well F1,Well F2,Well F3,Well F4,Well F5,Well F6,Well F7,Well F8,Well F9,Well F10,Well F11,Well F12,Well G1,Well G2,Well G3,Well G4,Well G5,Well G6,Well G7,Well G8,Well G9,Well G10,Well G11,Well G12,Well H1,Well H2,Well H3,Well H4,Well H5,Well H6,Well A1,Well A2,Well A3,Well A4,Well A5,Well A6,Well A7,Well A8,Well A9,Well A10,Well A11,Well A12,Well B1,Well B2,Well B3,Well B4,Well B5,Well B6,Well B7,Well B8,Well B9,Well B10,Well B11,Well B12,Well C1,Well C2,Well C3,Well C4,Well C5,Well C6,Well C7,Well C8,Well C9,Well C10,Well C11,Well C12,Well D1,Well D2,Well D3,Well D4,Well D5,Well D6,Well D7,Well D8,Well D9,Well D10,Well D11,Well D12,Well E1,Well E2,Well E3,Well E4,Well E5,Well E6,Well E7,Well E8,Well E9,Well E10,Well E11,Well E12,Well F1,Well F2,Well F3,Well F4,Well F5,Well F6,Well F7,Well F8,Well F9,Well F10,Well F11,Well F12,Well G1,Well G2,Well G3,Well G4,Well G5,Well G6,Well G7,Well G8,Well G9,Well G10,Well G11,Well G12,Well H1,Well H2,Well H3,Well H4,Well H5,Well H6
,min,a.u.,a.u.,a.u.,a.u.,a.u.,a.u.,a.u.,a.u.,a.u.,a.u.,a.u.,a.u.,a.u.,a.u.,a.u.,a.u.,a.u.,a.u.,a.u.,a.u.,a.u.,a.u.,a.u.,a.u.,a.u.,a.u.,a.u.,a.u.,a.u.,a.u.,a.u.,a.u.,a.u.,a.u.,a.u.,a.u.,a.u.,a.u.,a.u.,a.u.,a.u.,a.u.,a.u.,a.u.,a.u.,a.u.,a.u.,a.u.,a.u.,a.u.,a.u.,a.u.,a.u.,a.u.,a.u.,a.u.,a.u.,a.u.,a.u.,a.u.,a.u.,a.u.,a.u.,a.u.,a.u.,a.u.,a.u.,a.u.,a.u.,a.u.,a.u.,a.u.,a.u.,a.u.,a.u.,a.u.,a.u.,a.u.,a.u.,a.u.,a.u.,a.u.,a.u.,a.u.,a.u.,a.u.,a.u.,a.u.,a.u.,a.u.,a.u.,a.u.,a.u.,a.u.,a.u.,a.u.,a.u.,a.u.,a.u.,a.u.,a.u.,a.u.,a.u.,a.u.,a.u.,a.u.,a.u.,a.u.,a.u.,a.u.,a.u.,a.u.,a.u.,a.u.,a.u.,a.u.,a.u.,a.u.,a.u.,a.u.,a.u.,a.u.,a.u.,a.u.,a.u.,a.u.,a.u.,a.u.,a.u.,a.u.,a.u.,a.u.,a.u.,a.u.,a.u.,a.u.,a.u.,a.u.,a.u.,a.u.,a.u.,a.u.,a.u.,a.u.,a.u.,a.u.,a.u.,a.u.,a.u.,a.u.,a.u.,a.u.,a.u.,a.u.,a.u.,a.u.,a.u.,a.u.,a.u.,a.u.,a.u.,a.u.,a.u.,a.u.,a.u.,a.u.,a.u.,a.u.,a.u.,a.u.,a.u.,a.u.,a.u.,a.u.,a.u.,a.u.,a.u.,a.u.,a.u.,a.u.
1,0,,,,,,,,,,,,,,,,,,,,,,,,,,,,,,,,,,,,,,,,,,,,,,,,,,,,,,,,,,,,,,,,,,,,,,,,,,,,,,,,,,,,,,,,,,,,,,,,,,,,,,,,,,,,,,,,,,,,,,,,,,,,,,,,,,,,,,,,,,,,,,,,,,,,,,,,,,,,,,,,,,,,,,,,,,,,,,,,,,,,
2,720,,,,,,,,,,,,,,,,,,,,,,,,,,,,,,,,,,,,,,,,,,,,,,,,,,,,,,,,,,,,,,,,,,,,,,,,,,,,,,,,,,,,,,,,,,,,,,,,,,,,,,,,,,,,,,,,,,,,,,,,,,,,,,,,,,,,,,,,,,,,,,,,,,,,,,,,,,,,,,,,,,,,,,,,,,,,,,,,,,,,
3,1440,,,,,,,,,,,,,,,,,,,,,,,,,,,,,,,,,,,,,,,,,,,,,,,,,,,,,,,,,,,,,,,,,,,,,,,,,,,,,,,,,,,,,,,,,,,,,,,,,,,,,,,,,,,,,,,,,,,,,,,,,,,,,,,,,,,,,,,,,,,,,,,,,,,,,,,,,,,,,,,,,,,,,,,,,,,,,,,,,,,,
4,2160,,,,,,,,,,,,,,,,,,,,,,,,,,,,,,,,,,,,,,,,,,,,,,,,,,,,,,,,,,,,,,,,,,,,,,,,,,,,,,,,,,,,,,,,,,,,,,,,,,,,,,,,,,,,,,,,,,,,,,,,,,,,,,,,,,,,,,,,,,,,,,,,,,,,,,,,,,,,,,,,,,,,,,,,,,,,,,,,,,,,
5,2880,,,,,,,,,,,,,,,,,,,,,,,,,,,,,,,,,,,,,,,,,,,,,,,,,,,,,,,,,,,,,,,,,,,,,,,,,,,,,,,,,,,,,,,,,,,,,,,,,,,,,,,,,,,,,,,,,,,,,,,,,,,,,,,,,,,,,,,,,,,,,,,,,,,,,,,,,,,,,,,,,,,,,,,,,,,,,,,,,,,,
6,3600,,,,,,,,,,,,,,,,,,,,,,,,,,,,,,,,,,,,,,,,,,,,,,,,,,,,,,,,,,,,,,,,,,,,,,,,,,,,,,,,,,,,,,,,,,,,,,,,,,,,,,,,,,,,,,,,,,,,,,,,,,,,,,,,,,,,,,,,,,,,,,,,,,,,,,,,,,,,,,,,,,,,,,,,,,,,,,,,,,,,
7,4320,,,,,,,,,,,,,,,,,,,,,,,,,,,,,,,,,,,,,,,,,,,,,,,,,,,,,,,,,,,,,,,,,,,,,,,,,,,,,,,,,,,,,,,,,,,,,,,,,,,,,,,,,,,,,,,,,,,,,,,,,,,,,,,,,,,,,,,,,,,,,,,,,,,,,,,,,,,,,,,,,,,,,,,,,,,,,,,,,,,,
8,5040,,,,,,,,,,,,,,,,,,,,,,,,,,,,,,,,,,,,,,,,,,,,,,,,,,,,,,,,,,,,,,,,,,,,,,,,,,,,,,,,,,,,,,,,,,,,,,,,,,,,,,,,,,,,,,,,,,,,,,,,,,,,,,,,,,,,,,,,,,,,,,,,,,,,,,,,,,,,,,,,,,,,,,,,,,,,,,,,,,,,
9,5760,,,,,,,,,,,,,,,,,,,,,,,,,,,,,,,,,,,,,,,,,,,,,,,,,,,,,,,,,,,,,,,,,,,,,,,,,,,,,,,,,,,,,,,,,,,,,,,,,,,,,,,,,,,,,,,,,,,,,,,,,,,,,,,,,,,,,,,,,,,,,,,,,,,,,,,,,,,,,,,,,,,,,,,,,,,,,,,,,,,,
10,6480,,,,,,,,,,,,,,,,,,,,,,,,,,,,,,,,,,,,,,,,,,,,,,,,,,,,,,,,,,,,,,,,,,,,,,,,,,,,,,,,,,,,,,,,,,,,,,,,,,,,,,,,,,,,,,,,,,,,,,,,,,,,,,,,,,,,,,,,,,,,,,,,,,,,,,,,,,,,,,,,,,,,,,,,,,,,,,,,,,,,
11,7200,,,,,,,,,,,,,,,,,,,,,,,,,,,,,,,,,,,,,,,,,,,,,,,,,,,,,,,,,,,,,,,,,,,,,,,,,,,,,,,,,,,,,,,,,,,,,,,,,,,,,,,,,,,,,,,,,,,,,,,,,,,,,,,,,,,,,,,,,,,,,,,,,,,,,,,,,,,,,,,,,,,,,,,,,,,,,,,,,,,,
12,7920,,,,,,,,,,,,,,,,,,,,,,,,,,,,,,,,,,,,,,,,,,,,,,,,,,,,,,,,,,,,,,,,,,,,,,,,,,,,,,,,,,,,,,,,,,,,,,,,,,,,,,,,,,,,,,,,,,,,,,,,,,,,,,,,,,,,,,,,,,,,,,,,,,,,,,,,,,,,,,,,,,,,,,,,,,,,,,,,,,,,
13,8640,,,,,,,,,,,,,,,,,,,,,,,,,,,,,,,,,,,,,,,,,,,,,,,,,,,,,,,,,,,,,,,,,,,,,,,,,,,,,,,,,,,,,,,,,,,,,,,,,,,,,,,,,,,,,,,,,,,,,,,,,,,,,,,,,,,,,,,,,,,,,,,,,,,,,,,,,,,,,,,,,,,,,,,,,,,,,,,,,,,,
14,9360,,,,,,,,,,,,,,,,,,,,,,,,,,,,,,,,,,,,,,,,,,,,,,,,,,,,,,,,,,,,,,,,,,,,,,,,,,,,,,,,,,,,,,,,,,,,,,,,,,,,,,,,,,,,,,,,,,,,,,,,,,,,,,,,,,,,,,,,,,,,,,,,,,,,,,,,,,,,,,,,,,,,,,,,,,,,,,,,,,,,
15,10080,,,,,,,,,,,,,,,,,,,,,,,,,,,,,,,,,,,,,,,,,,,,,,,,,,,,,,,,,,,,,,,,,,,,,,,,,,,,,,,,,,,,,,,,,,,,,,,,,,,,,,,,,,,,,,,,,,,,,,,,,,,,,,,,,,,,,,,,,,,,,,,,,,,,,,,,,,,,,,,,,,,,,,,,,,,,,,,,,,,,