Scan,Time,Average mean intensity,Average mean intensity,Average mean intensity,Average mean intensity,Average mean intensity,Average mean intensity,Average mean intensity,Average mean intensity,Average mean intensity,Average mean intensity,Average mean intensity,Average mean intensity,Average mean intensity,Average mean intensity,Average mean intensity,Average mean intensity,Average mean intensity,Average mean intensity,Average mean intensity,Average mean intensity,Average mean intensity,Average mean intensity,Average mean intensity,Average mean intensity,Average mean intensity,Average mean intensity,Average mean intensity,Average mean intensity,Average mean intensity,Average mean intensity,Average mean intensity,Average mean intensity,Average mean intensity,Average mean intensity,Average mean intensity,Average mean intensity,Stdev,Stdev,Stdev,Stdev,Stdev,Stdev,Stdev,Stdev,Stdev,Stdev,Stdev,Stdev,Stdev,Stdev,Stdev,Stdev,Stdev,Stdev,Stdev,Stdev,Stdev,Stdev,Stdev,Stdev,Stdev,Stdev,Stdev,Stdev,Stdev,Stdev,Stdev,Stdev,Stdev,Stdev,Stdev,Stdev
,,A375-10000,A375-5000,A375 2500,A375 1250,A375 417,A375 139,KO 10000,Group 7,Group 8,Group 9,KO 5000,KO 2500,KO 1250,KO 417,KO 139,HCT 10000,HCT 5000,HCT 2500,HCT 1250,HCT 417,HCT 139,NCI 10000,NCI 5000,NCI 2500,NCI 1250,NCI 417,NCI 139,MRC 10000,MRC 5000,MRC 2500,Group 28,MRC 1250,Group 31,MRC 416,Group 34,MRC 139,A375-10000,A375-5000,A375 2500,A375 1250,A375 417,A375 139,KO 10000,Group 7,Group 8,Group 9,KO 5000,KO 2500,KO 1250,KO 417,KO 139,HCT 10000,HCT 5000,HCT 2500,HCT 1250,HCT 417,HCT 139,NCI 10000,NCI 5000,NCI 2500,NCI 1250,NCI 417,NCI 139,MRC 10000,MRC 5000,MRC 2500,Group 28,MRC 1250,Group 31,MRC 416,Group 34,MRC 139
,min,a.u.,a.u.,a.u.,a.u.,a.u.,a.u.,a.u.,a.u.,a.u.,a.u.,a.u.,a.u.,a.u.,a.u.,a.u.,a.u.,a.u.,a.u.,a.u.,a.u.,a.u.,a.u.,a.u.,a.u.,a.u.,a.u.,a.u.,a.u.,a.u.,a.u.,a.u.,a.u.,a.u.,a.u.,a.u.,a.u.,a.u.,a.u.,a.u.,a.u.,a.u.,a.u.,a.u.,a.u.,a.u.,a.u.,a.u.,a.u.,a.u.,a.u.,a.u.,a.u.,a.u.,a.u.,a.u.,a.u.,a.u.,a.u.,a.u.,a.u.,a.u.,a.u.,a.u.,a.u.,a.u.,a.u.,a.u.,a.u.,a.u.,a.u.,a.u.,a.u.
1,0,,,,,,,,,,,,,,,,,,,,,,,,,,,,,,,,,,,,,,,,,,,,,,,,,,,,,,,,,,,,,,,,,,,,,,,,
2,720,,,,,,,,,,,,,,,,,,,,,,,,,,,,,,,,,,,,,,,,,,,,,,,,,,,,,,,,,,,,,,,,,,,,,,,,
3,1440,,,,,,,,,,,,,,,,,,,,,,,,,,,,,,,,,,,,,,,,,,,,,,,,,,,,,,,,,,,,,,,,,,,,,,,,
4,2160,,,,,,,,,,,,,,,,,,,,,,,,,,,,,,,,,,,,,,,,,,,,,,,,,,,,,,,,,,,,,,,,,,,,,,,,
5,2880,,,,,,,,,,,,,,,,,,,,,,,,,,,,,,,,,,,,,,,,,,,,,,,,,,,,,,,,,,,,,,,,,,,,,,,,
6,3600,,,,,,,,,,,,,,,,,,,,,,,,,,,,,,,,,,,,,,,,,,,,,,,,,,,,,,,,,,,,,,,,,,,,,,,,
7,4320,,,,,,,,,,,,,,,,,,,,,,,,,,,,,,,,,,,,,,,,,,,,,,,,,,,,,,,,,,,,,,,,,,,,,,,,
8,5040,,,,,,,,,,,,,,,,,,,,,,,,,,,,,,,,,,,,,,,,,,,,,,,,,,,,,,,,,,,,,,,,,,,,,,,,
9,5760,,,,,,,,,,,,,,,,,,,,,,,,,,,,,,,,,,,,,,,,,,,,,,,,,,,,,,,,,,,,,,,,,,,,,,,,
10,6480,,,,,,,,,,,,,,,,,,,,,,,,,,,,,,,,,,,,,,,,,,,,,,,,,,,,,,,,,,,,,,,,,,,,,,,,
11,7200,,,,,,,,,,,,,,,,,,,,,,,,,,,,,,,,,,,,,,,,,,,,,,,,,,,,,,,,,,,,,,,,,,,,,,,,
12,7920,,,,,,,,,,,,,,,,,,,,,,,,,,,,,,,,,,,,,,,,,,,,,,,,,,,,,,,,,,,,,,,,,,,,,,,,
13,8640,,,,,,,,,,,,,,,,,,,,,,,,,,,,,,,,,,,,,,,,,,,,,,,,,,,,,,,,,,,,,,,,,,,,,,,,
14,9360,,,,,,,,,,,,,,,,,,,,,,,,,,,,,,,,,,,,,,,,,,,,,,,,,,,,,,,,,,,,,,,,,,,,,,,,
15,10080,,,,,,,,,,,,,,,,,,,,,,,,,,,,,,,,,,,,,,,,,,,,,,,,,,,,,,,,,,,,,,,,,,,,,,,,